PLAYER,PLAY_TYPE,MADE,SHOT_TYPE,VTM,HTM,GAME DATE,PERIOD,TIME_REMAINING,SHOT_DISTANCE (FT)
Kawhi Leonard,Fadeaway Jump Shot,Made Shot,2PT Field Goal,ORL,TOR,4/13/2019,1,11:47,8
Kawhi Leonard,Pullup Jump shot,Made Shot,2PT Field Goal,ORL,TOR,4/13/2019,1,10:10,16
Kawhi Leonard,Pullup Jump shot,Made Shot,3PT Field Goal,ORL,TOR,4/13/2019,1,8:47,26
Kawhi Leonard,Driving Dunk Shot,Made Shot,2PT Field Goal,ORL,TOR,4/13/2019,1,5:39,1
Kawhi Leonard,Pullup Jump shot,Missed Shot,2PT Field Goal,ORL,TOR,4/13/2019,2,6:31,8
Kawhi Leonard,Driving Floating Jump Shot,Missed Shot,2PT Field Goal,ORL,TOR,4/13/2019,2,4:34,9
Kawhi Leonard,Driving Floating Jump Shot,Missed Shot,2PT Field Goal,ORL,TOR,4/13/2019,2,4:22,2
Kawhi Leonard,Putback Layup Shot,Missed Shot,2PT Field Goal,ORL,TOR,4/13/2019,2,4:19,1
Kawhi Leonard,Reverse Layup Shot,Missed Shot,2PT Field Goal,ORL,TOR,4/13/2019,2,3:11,2
Kawhi Leonard,Pullup Jump shot,Made Shot,2PT Field Goal,ORL,TOR,4/13/2019,3,10:44,19
Kawhi Leonard,Running Pull-Up Jump Shot,Made Shot,3PT Field Goal,ORL,TOR,4/13/2019,3,8:49,24
Kawhi Leonard,Reverse Layup Shot,Made Shot,2PT Field Goal,ORL,TOR,4/13/2019,3,4:10,1
Kawhi Leonard,Jump Shot,Missed Shot,3PT Field Goal,ORL,TOR,4/13/2019,3,2:08,25
Kawhi Leonard,Pullup Jump shot,Missed Shot,2PT Field Goal,ORL,TOR,4/13/2019,4,5:19,12
Kawhi Leonard,Turnaround Fadeaway shot,Made Shot,2PT Field Goal,ORL,TOR,4/13/2019,4,4:36,7
Kawhi Leonard,Step Back Jump shot,Made Shot,3PT Field Goal,ORL,TOR,4/13/2019,4,1:35,27
Kawhi Leonard,Fadeaway Jump Shot,Made Shot,2PT Field Goal,ORL,TOR,4/13/2019,4,1:02,12
Kawhi Leonard,Jump Shot,Missed Shot,3PT Field Goal,ORL,TOR,4/13/2019,4,0:01,26
Kawhi Leonard,Pullup Jump shot,Made Shot,2PT Field Goal,ORL,TOR,4/16/2019,1,11:47,15
Kawhi Leonard,Jump Shot,Missed Shot,3PT Field Goal,ORL,TOR,4/16/2019,1,10:08,27
Kawhi Leonard,Pullup Jump shot,Made Shot,2PT Field Goal,ORL,TOR,4/16/2019,1,9:07,8
Kawhi Leonard,Running Pull-Up Jump Shot,Made Shot,2PT Field Goal,ORL,TOR,4/16/2019,1,7:43,9
Kawhi Leonard,Pullup Jump shot,Made Shot,2PT Field Goal,ORL,TOR,4/16/2019,1,5:51,12
Kawhi Leonard,Jump Shot,Missed Shot,3PT Field Goal,ORL,TOR,4/16/2019,1,5:09,23
Kawhi Leonard,Pullup Jump shot,Made Shot,2PT Field Goal,ORL,TOR,4/16/2019,1,3:03,17
Kawhi Leonard,Layup Shot,Made Shot,2PT Field Goal,ORL,TOR,4/16/2019,2,8:28,1
Kawhi Leonard,Jump Shot,Made Shot,3PT Field Goal,ORL,TOR,4/16/2019,2,4:47,22
Kawhi Leonard,Pullup Jump shot,Made Shot,3PT Field Goal,ORL,TOR,4/16/2019,3,11:29,25
Kawhi Leonard,Pullup Jump shot,Made Shot,2PT Field Goal,ORL,TOR,4/16/2019,3,9:46,14
Kawhi Leonard,Alley Oop Layup shot,Made Shot,2PT Field Goal,ORL,TOR,4/16/2019,3,9:12,1
Kawhi Leonard,Driving Dunk Shot,Made Shot,2PT Field Goal,ORL,TOR,4/16/2019,3,8:04,0
Kawhi Leonard,Driving Layup Shot,Missed Shot,2PT Field Goal,ORL,TOR,4/16/2019,3,5:36,1
Kawhi Leonard,Running Layup Shot,Made Shot,2PT Field Goal,ORL,TOR,4/16/2019,3,5:23,0
Kawhi Leonard,Driving Dunk Shot,Made Shot,2PT Field Goal,ORL,TOR,4/16/2019,3,2:26,0
Kawhi Leonard,Driving Reverse Layup Shot,Missed Shot,2PT Field Goal,ORL,TOR,4/16/2019,3,1:19,1
Kawhi Leonard,Step Back Jump shot,Made Shot,3PT Field Goal,ORL,TOR,4/16/2019,3,0:22,24
Kawhi Leonard,Driving Floating Jump Shot,Missed Shot,2PT Field Goal,ORL,TOR,4/16/2019,4,9:26,2
Kawhi Leonard,Jump Shot,Made Shot,3PT Field Goal,ORL,TOR,4/16/2019,4,8:48,25
Kawhi Leonard,Pullup Jump shot,Missed Shot,3PT Field Goal,ORL,TOR,4/16/2019,4,8:06,25
Kawhi Leonard,Running Jump Shot,Missed Shot,3PT Field Goal,ORL,TOR,4/16/2019,4,4:57,26
Kawhi Leonard,Running Layup Shot,Missed Shot,2PT Field Goal,TOR,ORL,4/19/2019,1,9:30,3
Kawhi Leonard,Layup Shot,Missed Shot,2PT Field Goal,TOR,ORL,4/19/2019,1,7:24,2
Kawhi Leonard,Layup Shot,Missed Shot,2PT Field Goal,TOR,ORL,4/19/2019,1,6:48,3
Kawhi Leonard,Layup Shot,Missed Shot,2PT Field Goal,TOR,ORL,4/19/2019,1,5:02,3
Kawhi Leonard,Driving Dunk Shot,Made Shot,2PT Field Goal,TOR,ORL,4/19/2019,1,3:48,1
Kawhi Leonard,Driving Floating Jump Shot,Missed Shot,2PT Field Goal,TOR,ORL,4/19/2019,2,7:57,10
Kawhi Leonard,Pullup Jump shot,Missed Shot,2PT Field Goal,TOR,ORL,4/19/2019,2,6:48,13
Kawhi Leonard,Running Layup Shot,Made Shot,2PT Field Goal,TOR,ORL,4/19/2019,2,6:02,2
Kawhi Leonard,Driving Layup Shot,Made Shot,2PT Field Goal,TOR,ORL,4/19/2019,2,4:30,3
Kawhi Leonard,Step Back Jump shot,Missed Shot,2PT Field Goal,TOR,ORL,4/19/2019,2,3:25,20
Kawhi Leonard,Pullup Jump shot,Missed Shot,3PT Field Goal,TOR,ORL,4/19/2019,2,2:16,25
Kawhi Leonard,Running Layup Shot,Made Shot,2PT Field Goal,TOR,ORL,4/19/2019,3,10:30,2
Kawhi Leonard,Jump Shot,Missed Shot,3PT Field Goal,TOR,ORL,4/19/2019,3,2:58,24
Kawhi Leonard,Turnaround Fadeaway shot,Missed Shot,2PT Field Goal,TOR,ORL,4/19/2019,4,8:28,14
Kawhi Leonard,Jump Shot,Missed Shot,3PT Field Goal,TOR,ORL,4/19/2019,4,8:05,25
Kawhi Leonard,Fadeaway Jump Shot,Missed Shot,2PT Field Goal,TOR,ORL,4/19/2019,4,3:39,8
Kawhi Leonard,Running Layup Shot,Made Shot,2PT Field Goal,TOR,ORL,4/19/2019,4,3:13,2
Kawhi Leonard,Step Back Jump shot,Missed Shot,2PT Field Goal,TOR,ORL,4/19/2019,4,2:58,11
Kawhi Leonard,Step Back Jump shot,Missed Shot,2PT Field Goal,TOR,ORL,4/19/2019,4,0:20,18
Kawhi Leonard,Pullup Jump shot,Missed Shot,3PT Field Goal,TOR,ORL,4/21/2019,1,8:43,23
Kawhi Leonard,Driving Dunk Shot,Made Shot,2PT Field Goal,TOR,ORL,4/21/2019,1,6:38,1
Kawhi Leonard,Driving Layup Shot,Made Shot,2PT Field Goal,TOR,ORL,4/21/2019,1,6:07,2
Kawhi Leonard,Running Dunk Shot,Made Shot,2PT Field Goal,TOR,ORL,4/21/2019,1,5:51,1
Kawhi Leonard,Pullup Jump shot,Missed Shot,2PT Field Goal,TOR,ORL,4/21/2019,1,4:23,17
Kawhi Leonard,Layup Shot,Missed Shot,2PT Field Goal,TOR,ORL,4/21/2019,2,4:04,2
Kawhi Leonard,Fadeaway Jump Shot,Made Shot,2PT Field Goal,TOR,ORL,4/21/2019,2,3:58,15
Kawhi Leonard,Jump Shot,Made Shot,3PT Field Goal,TOR,ORL,4/21/2019,2,3:02,25
Kawhi Leonard,Pullup Jump shot,Made Shot,2PT Field Goal,TOR,ORL,4/21/2019,2,2:28,10
Kawhi Leonard,Pullup Jump shot,Made Shot,2PT Field Goal,TOR,ORL,4/21/2019,3,11:05,16
Kawhi Leonard,Running Dunk Shot,Made Shot,2PT Field Goal,TOR,ORL,4/21/2019,3,8:29,0
Kawhi Leonard,Layup Shot,Missed Shot,2PT Field Goal,TOR,ORL,4/21/2019,3,7:02,8
Kawhi Leonard,Jump Shot,Made Shot,3PT Field Goal,TOR,ORL,4/21/2019,3,6:15,26
Kawhi Leonard,Jump Shot,Missed Shot,3PT Field Goal,TOR,ORL,4/21/2019,3,5:02,26
Kawhi Leonard,Pullup Jump shot,Made Shot,2PT Field Goal,TOR,ORL,4/21/2019,3,3:56,12
Kawhi Leonard,Driving Layup Shot,Made Shot,2PT Field Goal,TOR,ORL,4/21/2019,3,3:22,0
Kawhi Leonard,Pullup Jump shot,Missed Shot,2PT Field Goal,TOR,ORL,4/21/2019,3,2:52,11
Kawhi Leonard,Driving Layup Shot,Made Shot,2PT Field Goal,TOR,ORL,4/21/2019,4,8:21,0
Kawhi Leonard,Pullup Jump shot,Missed Shot,3PT Field Goal,TOR,ORL,4/21/2019,4,7:15,27
Kawhi Leonard,Hook Shot,Missed Shot,2PT Field Goal,TOR,ORL,4/21/2019,4,6:10,12
Kawhi Leonard,Fadeaway Jump Shot,Missed Shot,2PT Field Goal,ORL,TOR,4/23/2019,1,11:02,10
Kawhi Leonard,Putback Layup Shot,Made Shot,2PT Field Goal,ORL,TOR,4/23/2019,1,9:07,1
Kawhi Leonard,Driving Reverse Layup Shot,Missed Shot,2PT Field Goal,ORL,TOR,4/23/2019,1,8:21,2
Kawhi Leonard,Jump Shot,Made Shot,3PT Field Goal,ORL,TOR,4/23/2019,1,2:36,25
Kawhi Leonard,Jump Shot,Made Shot,3PT Field Goal,ORL,TOR,4/23/2019,2,7:40,25
Kawhi Leonard,Jump Shot,Made Shot,3PT Field Goal,ORL,TOR,4/23/2019,3,11:24,25
Kawhi Leonard,Jump Shot,Made Shot,3PT Field Goal,ORL,TOR,4/23/2019,3,10:53,24
Kawhi Leonard,Pullup Jump shot,Missed Shot,2PT Field Goal,ORL,TOR,4/23/2019,3,8:58,17
Kawhi Leonard,Jump Shot,Made Shot,3PT Field Goal,ORL,TOR,4/23/2019,3,7:54,22
Kawhi Leonard,Driving Reverse Layup Shot,Made Shot,2PT Field Goal,ORL,TOR,4/23/2019,3,6:34,1
Kawhi Leonard,Running Dunk Shot,Made Shot,2PT Field Goal,ORL,TOR,4/23/2019,3,4:03,0
Kawhi Leonard,Driving Layup Shot,Missed Shot,2PT Field Goal,PHI,TOR,4/27/2019,1,9:52,1
Kawhi Leonard,Driving Dunk Shot,Made Shot,2PT Field Goal,PHI,TOR,4/27/2019,1,9:28,0
Kawhi Leonard,Fadeaway Jump Shot,Made Shot,2PT Field Goal,PHI,TOR,4/27/2019,1,9:01,13
Kawhi Leonard,Pullup Jump shot,Made Shot,2PT Field Goal,PHI,TOR,4/27/2019,1,8:17,16
Kawhi Leonard,Pullup Jump shot,Made Shot,3PT Field Goal,PHI,TOR,4/27/2019,1,6:18,25
Kawhi Leonard,Jump Shot,Made Shot,2PT Field Goal,PHI,TOR,4/27/2019,1,5:38,12
Kawhi Leonard,Cutting Dunk Shot,Made Shot,2PT Field Goal,PHI,TOR,4/27/2019,1,4:23,1
Kawhi Leonard,Turnaround Fadeaway shot,Made Shot,2PT Field Goal,PHI,TOR,4/27/2019,1,3:28,10
Kawhi Leonard,Fadeaway Jump Shot,Missed Shot,2PT Field Goal,PHI,TOR,4/27/2019,1,2:01,9
Kawhi Leonard,Pullup Jump shot,Missed Shot,2PT Field Goal,PHI,TOR,4/27/2019,2,8:14,15
Kawhi Leonard,Driving Layup Shot,Made Shot,2PT Field Goal,PHI,TOR,4/27/2019,2,6:31,0
Kawhi Leonard,Pullup Jump shot,Made Shot,2PT Field Goal,PHI,TOR,4/27/2019,2,3:34,18
Kawhi Leonard,Running Jump Shot,Made Shot,2PT Field Goal,PHI,TOR,4/27/2019,2,2:45,6
Kawhi Leonard,Pullup Jump shot,Missed Shot,3PT Field Goal,PHI,TOR,4/27/2019,2,0:02,25
Kawhi Leonard,Floating Jump shot,Made Shot,2PT Field Goal,PHI,TOR,4/27/2019,3,11:25,8
Kawhi Leonard,Jump Shot,Missed Shot,3PT Field Goal,PHI,TOR,4/27/2019,3,10:42,26
Kawhi Leonard,Step Back Jump shot,Made Shot,3PT Field Goal,PHI,TOR,4/27/2019,3,6:02,26
Kawhi Leonard,Pullup Jump shot,Made Shot,2PT Field Goal,PHI,TOR,4/27/2019,3,1:34,4
Kawhi Leonard,Jump Shot,Made Shot,3PT Field Goal,PHI,TOR,4/27/2019,4,7:46,24
Kawhi Leonard,Turnaround Fadeaway shot,Made Shot,2PT Field Goal,PHI,TOR,4/27/2019,4,7:06,13
Kawhi Leonard,Running Pull-Up Jump Shot,Missed Shot,3PT Field Goal,PHI,TOR,4/27/2019,4,6:44,26
Kawhi Leonard,Driving Floating Jump Shot,Made Shot,2PT Field Goal,PHI,TOR,4/27/2019,4,4:17,9
Kawhi Leonard,Step Back Jump shot,Missed Shot,3PT Field Goal,PHI,TOR,4/27/2019,4,3:22,26
Kawhi Leonard,Fadeaway Jump Shot,Made Shot,2PT Field Goal,PHI,TOR,4/29/2019,1,6:53,9
Kawhi Leonard,Fadeaway Jump Shot,Missed Shot,2PT Field Goal,PHI,TOR,4/29/2019,1,4:38,16
Kawhi Leonard,Driving Finger Roll Layup Shot,Made Shot,2PT Field Goal,PHI,TOR,4/29/2019,1,2:08,1
Kawhi Leonard,Pullup Jump shot,Made Shot,3PT Field Goal,PHI,TOR,4/29/2019,2,9:13,24
Kawhi Leonard,Pullup Jump shot,Missed Shot,3PT Field Goal,PHI,TOR,4/29/2019,2,8:51,25
Kawhi Leonard,Pullup Jump shot,Missed Shot,2PT Field Goal,PHI,TOR,4/29/2019,2,8:31,15
Kawhi Leonard,Running Dunk Shot,Made Shot,2PT Field Goal,PHI,TOR,4/29/2019,2,7:10,0
Kawhi Leonard,Jump Shot,Missed Shot,3PT Field Goal,PHI,TOR,4/29/2019,2,6:15,23
Kawhi Leonard,Pullup Jump shot,Made Shot,2PT Field Goal,PHI,TOR,4/29/2019,2,3:23,11
Kawhi Leonard,Cutting Layup Shot,Made Shot,2PT Field Goal,PHI,TOR,4/29/2019,2,0:56,2
Kawhi Leonard,Running Jump Shot,Made Shot,3PT Field Goal,PHI,TOR,4/29/2019,3,10:41,27
Kawhi Leonard,Step Back Jump shot,Missed Shot,3PT Field Goal,PHI,TOR,4/29/2019,3,10:06,26
Kawhi Leonard,Pullup Jump shot,Missed Shot,3PT Field Goal,PHI,TOR,4/29/2019,3,9:36,26
Kawhi Leonard,Cutting Dunk Shot,Made Shot,2PT Field Goal,PHI,TOR,4/29/2019,3,9:08,0
Kawhi Leonard,Jump Shot,Made Shot,3PT Field Goal,PHI,TOR,4/29/2019,3,6:42,23
Kawhi Leonard,Fadeaway Jump Shot,Missed Shot,2PT Field Goal,PHI,TOR,4/29/2019,3,5:59,6
Kawhi Leonard,Driving Floating Jump Shot,Made Shot,2PT Field Goal,PHI,TOR,4/29/2019,3,1:01,10
Kawhi Leonard,Pullup Jump shot,Missed Shot,3PT Field Goal,PHI,TOR,4/29/2019,4,8:19,29
Kawhi Leonard,Driving Bank Hook Shot,Made Shot,2PT Field Goal,PHI,TOR,4/29/2019,4,6:59,2
Kawhi Leonard,Pullup Jump shot,Missed Shot,3PT Field Goal,PHI,TOR,4/29/2019,4,6:05,26
Kawhi Leonard,Putback Layup Shot,Made Shot,2PT Field Goal,PHI,TOR,4/29/2019,4,5:19,1
Kawhi Leonard,Driving Floating Bank Jump Shot,Made Shot,2PT Field Goal,PHI,TOR,4/29/2019,4,3:30,10
Kawhi Leonard,Driving Hook Shot,Missed Shot,2PT Field Goal,PHI,TOR,4/29/2019,4,3:03,2
Kawhi Leonard,Jump Bank Shot,Missed Shot,3PT Field Goal,PHI,TOR,4/29/2019,4,0:01,27
Kawhi Leonard,Layup Shot,Missed Shot,2PT Field Goal,TOR,PHI,5/2/2019,1,11:36,2
Kawhi Leonard,Pullup Jump shot,Made Shot,3PT Field Goal,TOR,PHI,5/2/2019,1,10:20,26
Kawhi Leonard,Fadeaway Jump Shot,Made Shot,2PT Field Goal,TOR,PHI,5/2/2019,1,9:08,9
Kawhi Leonard,Jump Shot,Made Shot,2PT Field Goal,TOR,PHI,5/2/2019,1,8:36,13
Kawhi Leonard,Driving Finger Roll Layup Shot,Missed Shot,2PT Field Goal,TOR,PHI,5/2/2019,1,7:15,3
Kawhi Leonard,Pullup Jump shot,Missed Shot,2PT Field Goal,TOR,PHI,5/2/2019,1,4:20,16
Kawhi Leonard,Pullup Jump shot,Made Shot,2PT Field Goal,TOR,PHI,5/2/2019,1,4:16,16
Kawhi Leonard,Pullup Jump shot,Missed Shot,2PT Field Goal,TOR,PHI,5/2/2019,2,7:56,11
Kawhi Leonard,Pullup Jump shot,Made Shot,2PT Field Goal,TOR,PHI,5/2/2019,2,5:53,6
Kawhi Leonard,Driving Dunk Shot,Made Shot,2PT Field Goal,TOR,PHI,5/2/2019,2,5:07,1
Kawhi Leonard,Fadeaway Jump Shot,Made Shot,2PT Field Goal,TOR,PHI,5/2/2019,2,3:41,13
Kawhi Leonard,Driving Finger Roll Layup Shot,Missed Shot,2PT Field Goal,TOR,PHI,5/2/2019,2,2:28,6
Kawhi Leonard,Running Pull-Up Jump Shot,Missed Shot,3PT Field Goal,TOR,PHI,5/2/2019,2,1:50,25
Kawhi Leonard,Driving Dunk Shot,Missed Shot,2PT Field Goal,TOR,PHI,5/2/2019,2,0:04,4
Kawhi Leonard,Pullup Jump shot,Made Shot,2PT Field Goal,TOR,PHI,5/2/2019,3,7:58,19
Kawhi Leonard,Driving Dunk Shot,Made Shot,2PT Field Goal,TOR,PHI,5/2/2019,3,6:28,1
Kawhi Leonard,Pullup Jump shot,Made Shot,2PT Field Goal,TOR,PHI,5/2/2019,3,4:21,15
Kawhi Leonard,Turnaround Fadeaway shot,Made Shot,2PT Field Goal,TOR,PHI,5/2/2019,3,2:12,15
Kawhi Leonard,Jump Shot,Made Shot,3PT Field Goal,TOR,PHI,5/2/2019,3,1:38,26
Kawhi Leonard,Pullup Jump shot,Made Shot,2PT Field Goal,TOR,PHI,5/2/2019,3,0:34,14
Kawhi Leonard,Jump Shot,Missed Shot,3PT Field Goal,TOR,PHI,5/2/2019,4,6:20,27
Kawhi Leonard,Pullup Jump shot,Missed Shot,2PT Field Goal,TOR,PHI,5/2/2019,4,5:55,14
Kawhi Leonard,Floating Jump shot,Made Shot,2PT Field Goal,TOR,PHI,5/5/2019,1,7:32,9
Kawhi Leonard,Finger Roll Layup Shot,Made Shot,2PT Field Goal,TOR,PHI,5/5/2019,1,7:11,1
Kawhi Leonard,Pullup Jump shot,Made Shot,3PT Field Goal,TOR,PHI,5/5/2019,1,6:06,25
Kawhi Leonard,Turnaround Fadeaway shot,Missed Shot,2PT Field Goal,TOR,PHI,5/5/2019,1,2:19,15
Kawhi Leonard,Driving Layup Shot,Missed Shot,2PT Field Goal,TOR,PHI,5/5/2019,2,7:45,4
Kawhi Leonard,Driving Hook Shot,Missed Shot,2PT Field Goal,TOR,PHI,5/5/2019,2,6:07,4
Kawhi Leonard,Jump Shot,Missed Shot,3PT Field Goal,TOR,PHI,5/5/2019,2,4:12,26
Kawhi Leonard,Driving Dunk Shot,Made Shot,2PT Field Goal,TOR,PHI,5/5/2019,2,3:37,0
Kawhi Leonard,Putback Layup Shot,Made Shot,2PT Field Goal,TOR,PHI,5/5/2019,2,1:14,2
Kawhi Leonard,Layup Shot,Made Shot,2PT Field Goal,TOR,PHI,5/5/2019,2,0:19,2
Kawhi Leonard,Pullup Jump shot,Made Shot,3PT Field Goal,TOR,PHI,5/5/2019,3,10:09,25
Kawhi Leonard,Fadeaway Jump Shot,Missed Shot,2PT Field Goal,TOR,PHI,5/5/2019,3,8:45,10
Kawhi Leonard,Pullup Jump shot,Made Shot,3PT Field Goal,TOR,PHI,5/5/2019,3,6:56,25
Kawhi Leonard,Step Back Jump shot,Made Shot,2PT Field Goal,TOR,PHI,5/5/2019,3,5:49,18
Kawhi Leonard,Pullup Jump shot,Made Shot,2PT Field Goal,TOR,PHI,5/5/2019,3,3:36,14
Kawhi Leonard,Jump Shot,Made Shot,3PT Field Goal,TOR,PHI,5/5/2019,3,2:03,26
Kawhi Leonard,Jump Shot,Missed Shot,3PT Field Goal,TOR,PHI,5/5/2019,4,5:49,25
Kawhi Leonard,Pullup Jump shot,Made Shot,2PT Field Goal,TOR,PHI,5/5/2019,4,3:48,12
Kawhi Leonard,Fadeaway Jump Shot,Missed Shot,2PT Field Goal,TOR,PHI,5/5/2019,4,3:01,13
Kawhi Leonard,Step Back Jump shot,Made Shot,3PT Field Goal,TOR,PHI,5/5/2019,4,1:01,25
Kawhi Leonard,Jump Shot,Missed Shot,3PT Field Goal,PHI,TOR,5/7/2019,1,10:29,26
Kawhi Leonard,Jump Shot,Missed Shot,2PT Field Goal,PHI,TOR,5/7/2019,1,8:36,13
Kawhi Leonard,Layup Shot,Missed Shot,2PT Field Goal,PHI,TOR,5/7/2019,1,5:49,2
Kawhi Leonard,Driving Floating Jump Shot,Missed Shot,2PT Field Goal,PHI,TOR,5/7/2019,1,2:58,3
Kawhi Leonard,Running Dunk Shot,Made Shot,2PT Field Goal,PHI,TOR,5/7/2019,1,0:34,0
Kawhi Leonard,Driving Finger Roll Layup Shot,Made Shot,2PT Field Goal,PHI,TOR,5/7/2019,1,0:08,0
Kawhi Leonard,Pullup Jump shot,Missed Shot,3PT Field Goal,PHI,TOR,5/7/2019,2,6:46,26
Kawhi Leonard,Jump Shot,Missed Shot,3PT Field Goal,PHI,TOR,5/7/2019,2,3:42,25
Kawhi Leonard,Driving Dunk Shot,Made Shot,2PT Field Goal,PHI,TOR,5/7/2019,2,0:02,0
Kawhi Leonard,Step Back Jump shot,Missed Shot,2PT Field Goal,PHI,TOR,5/7/2019,3,11:06,13
Kawhi Leonard,Pullup Jump shot,Made Shot,2PT Field Goal,PHI,TOR,5/7/2019,3,10:04,22
Kawhi Leonard,Turnaround Fadeaway shot,Missed Shot,2PT Field Goal,PHI,TOR,5/7/2019,3,8:21,12
Kawhi Leonard,Driving Floating Jump Shot,Made Shot,2PT Field Goal,PHI,TOR,5/7/2019,3,7:29,4
Kawhi Leonard,Pullup Jump shot,Missed Shot,3PT Field Goal,PHI,TOR,5/7/2019,3,2:53,25
Kawhi Leonard,Driving Dunk Shot,Made Shot,2PT Field Goal,PHI,TOR,5/7/2019,3,0:41,1
Kawhi Leonard,Layup Shot,Made Shot,2PT Field Goal,PHI,TOR,5/7/2019,4,8:32,1
Kawhi Leonard,Jump Shot,Missed Shot,3PT Field Goal,TOR,PHI,5/9/2019,1,10:47,25
Kawhi Leonard,Turnaround Jump Shot,Missed Shot,2PT Field Goal,TOR,PHI,5/9/2019,1,9:01,7
Kawhi Leonard,Driving Finger Roll Layup Shot,Made Shot,2PT Field Goal,TOR,PHI,5/9/2019,1,5:48,1
Kawhi Leonard,Pullup Jump shot,Made Shot,2PT Field Goal,TOR,PHI,5/9/2019,1,2:09,16
Kawhi Leonard,Fadeaway Jump Shot,Made Shot,2PT Field Goal,TOR,PHI,5/9/2019,1,1:30,17
Kawhi Leonard,Turnaround Fadeaway shot,Missed Shot,2PT Field Goal,TOR,PHI,5/9/2019,1,0:59,11
Kawhi Leonard,Jump Shot,Missed Shot,3PT Field Goal,TOR,PHI,5/9/2019,1,0:00,27
Kawhi Leonard,Pullup Jump shot,Made Shot,2PT Field Goal,TOR,PHI,5/9/2019,2,8:03,16
Kawhi Leonard,Running Layup Shot,Made Shot,2PT Field Goal,TOR,PHI,5/9/2019,2,6:56,1
Kawhi Leonard,Running Dunk Shot,Made Shot,2PT Field Goal,TOR,PHI,5/9/2019,2,5:59,1
Kawhi Leonard,Fadeaway Jump Shot,Missed Shot,2PT Field Goal,TOR,PHI,5/9/2019,2,4:57,11
Kawhi Leonard,Jump Shot,Missed Shot,3PT Field Goal,TOR,PHI,5/9/2019,2,1:30,26
Kawhi Leonard,Jump Shot,Missed Shot,3PT Field Goal,TOR,PHI,5/9/2019,2,0:36,25
Kawhi Leonard,Driving Floating Jump Shot,Made Shot,2PT Field Goal,TOR,PHI,5/9/2019,3,9:17,8
Kawhi Leonard,Driving Dunk Shot,Made Shot,2PT Field Goal,TOR,PHI,5/9/2019,3,6:09,1
Kawhi Leonard,Pullup Jump shot,Missed Shot,2PT Field Goal,TOR,PHI,5/9/2019,3,4:17,14
Kawhi Leonard,Cutting Dunk Shot,Missed Shot,2PT Field Goal,TOR,PHI,5/9/2019,3,3:17,0
Kawhi Leonard,Driving Layup Shot,Missed Shot,2PT Field Goal,TOR,PHI,5/9/2019,3,2:37,6
Kawhi Leonard,Fadeaway Jump Shot,Missed Shot,2PT Field Goal,TOR,PHI,5/9/2019,3,0:39,15
Kawhi Leonard,Driving Dunk Shot,Made Shot,2PT Field Goal,TOR,PHI,5/9/2019,4,7:27,1
Kawhi Leonard,Tip Layup Shot,Made Shot,2PT Field Goal,PHI,TOR,5/12/2019,1,11:29,0
Kawhi Leonard,Pullup Jump shot,Missed Shot,2PT Field Goal,PHI,TOR,5/12/2019,1,11:10,18
Kawhi Leonard,Jump Shot,Missed Shot,3PT Field Goal,PHI,TOR,5/12/2019,1,10:28,26
Kawhi Leonard,Jump Bank Shot,Made Shot,2PT Field Goal,PHI,TOR,5/12/2019,1,9:54,1
Kawhi Leonard,Jump Shot,Missed Shot,3PT Field Goal,PHI,TOR,5/12/2019,1,9:31,25
Kawhi Leonard,Jump Shot,Missed Shot,3PT Field Goal,PHI,TOR,5/12/2019,1,7:47,25
Kawhi Leonard,Running Dunk Shot,Made Shot,2PT Field Goal,PHI,TOR,5/12/2019,1,4:53,0
Kawhi Leonard,Pullup Jump shot,Missed Shot,2PT Field Goal,PHI,TOR,5/12/2019,1,3:22,15
Kawhi Leonard,Floating Jump shot,Missed Shot,2PT Field Goal,PHI,TOR,5/12/2019,1,0:47,12
Kawhi Leonard,Driving Hook Shot,Made Shot,2PT Field Goal,PHI,TOR,5/12/2019,2,8:19,4
Kawhi Leonard,Running Dunk Shot,Made Shot,2PT Field Goal,PHI,TOR,5/12/2019,2,8:04,0
Kawhi Leonard,Jump Bank Shot,Missed Shot,2PT Field Goal,PHI,TOR,5/12/2019,2,4:42,13
Kawhi Leonard,Tip Layup Shot,Missed Shot,2PT Field Goal,PHI,TOR,5/12/2019,2,4:00,0
Kawhi Leonard,Driving Reverse Layup Shot,Made Shot,2PT Field Goal,PHI,TOR,5/12/2019,2,1:59,0
Kawhi Leonard,Running Pull-Up Jump Shot,Missed Shot,3PT Field Goal,PHI,TOR,5/12/2019,2,1:35,27
Kawhi Leonard,Pullup Jump shot,Missed Shot,2PT Field Goal,PHI,TOR,5/12/2019,2,0:59,16
Kawhi Leonard,Jump Bank Shot,Made Shot,2PT Field Goal,PHI,TOR,5/12/2019,3,11:45,1
Kawhi Leonard,Jump Shot,Missed Shot,3PT Field Goal,PHI,TOR,5/12/2019,3,11:14,26
Kawhi Leonard,Pullup Jump shot,Made Shot,2PT Field Goal,PHI,TOR,5/12/2019,3,9:59,16
Kawhi Leonard,Driving Dunk Shot,Missed Shot,2PT Field Goal,PHI,TOR,5/12/2019,3,8:44,0
Kawhi Leonard,Turnaround Fadeaway shot,Missed Shot,2PT Field Goal,PHI,TOR,5/12/2019,3,8:02,10
Kawhi Leonard,Layup Shot,Missed Shot,2PT Field Goal,PHI,TOR,5/12/2019,3,6:52,3
Kawhi Leonard,Reverse Layup Shot,Missed Shot,2PT Field Goal,PHI,TOR,5/12/2019,3,6:48,0
Kawhi Leonard,Driving Floating Jump Shot,Missed Shot,2PT Field Goal,PHI,TOR,5/12/2019,3,6:07,3
Kawhi Leonard,Driving Hook Shot,Missed Shot,2PT Field Goal,PHI,TOR,5/12/2019,3,5:29,1
Kawhi Leonard,Layup Shot,Made Shot,2PT Field Goal,PHI,TOR,5/12/2019,3,4:10,1
Kawhi Leonard,Fadeaway Jump Shot,Missed Shot,2PT Field Goal,PHI,TOR,5/12/2019,3,3:27,14
Kawhi Leonard,Jump Shot,Missed Shot,2PT Field Goal,PHI,TOR,5/12/2019,3,2:54,11
Kawhi Leonard,Jump Shot,Made Shot,3PT Field Goal,PHI,TOR,5/12/2019,3,2:49,24
Kawhi Leonard,Pullup Jump shot,Missed Shot,2PT Field Goal,PHI,TOR,5/12/2019,3,0:10,18
Kawhi Leonard,Pullup Jump shot,Made Shot,2PT Field Goal,PHI,TOR,5/12/2019,4,8:37,11
Kawhi Leonard,Jump Shot,Made Shot,3PT Field Goal,PHI,TOR,5/12/2019,4,6:11,26
Kawhi Leonard,Pullup Jump shot,Made Shot,2PT Field Goal,PHI,TOR,5/12/2019,4,5:21,19
Kawhi Leonard,Driving Floating Jump Shot,Made Shot,2PT Field Goal,PHI,TOR,5/12/2019,4,4:48,10
Kawhi Leonard,Step Back Jump shot,Missed Shot,3PT Field Goal,PHI,TOR,5/12/2019,4,2:35,26
Kawhi Leonard,Pullup Jump shot,Made Shot,2PT Field Goal,PHI,TOR,5/12/2019,4,1:41,23
Kawhi Leonard,Fadeaway Jump Shot,Missed Shot,2PT Field Goal,PHI,TOR,5/12/2019,4,0:40,8
Kawhi Leonard,Pullup Jump shot,Missed Shot,3PT Field Goal,PHI,TOR,5/12/2019,4,0:26,28
Kawhi Leonard,Fadeaway Jump Shot,Made Shot,2PT Field Goal,PHI,TOR,5/12/2019,4,0:00,15
Kawhi Leonard,Jump Shot,Missed Shot,3PT Field Goal,TOR,MIL,5/15/2019,1,9:00,26
Kawhi Leonard,Pullup Jump shot,Made Shot,3PT Field Goal,TOR,MIL,5/15/2019,1,5:08,26
Kawhi Leonard,Driving Floating Jump Shot,Made Shot,2PT Field Goal,TOR,MIL,5/15/2019,1,4:39,9
Kawhi Leonard,Jump Shot,Missed Shot,3PT Field Goal,TOR,MIL,5/15/2019,1,4:17,27
Kawhi Leonard,Fadeaway Jump Shot,Made Shot,2PT Field Goal,TOR,MIL,5/15/2019,1,3:50,11
Kawhi Leonard,Turnaround Fadeaway shot,Missed Shot,2PT Field Goal,TOR,MIL,5/15/2019,1,2:02,13
Kawhi Leonard,Step Back Jump shot,Missed Shot,2PT Field Goal,TOR,MIL,5/15/2019,2,8:10,18
Kawhi Leonard,Pullup Jump shot,Missed Shot,3PT Field Goal,TOR,MIL,5/15/2019,2,6:38,27
Kawhi Leonard,Floating Jump shot,Missed Shot,2PT Field Goal,TOR,MIL,5/15/2019,2,2:59,12
Kawhi Leonard,Pullup Jump shot,Made Shot,2PT Field Goal,TOR,MIL,5/15/2019,2,1:01,7
Kawhi Leonard,Dunk Shot,Made Shot,2PT Field Goal,TOR,MIL,5/15/2019,2,0:09,1
Kawhi Leonard,Pullup Jump shot,Made Shot,2PT Field Goal,TOR,MIL,5/15/2019,3,11:12,18
Kawhi Leonard,Driving Floating Jump Shot,Missed Shot,2PT Field Goal,TOR,MIL,5/15/2019,3,8:33,6
Kawhi Leonard,Fadeaway Jump Shot,Missed Shot,2PT Field Goal,TOR,MIL,5/15/2019,3,8:22,9
Kawhi Leonard,Running Dunk Shot,Made Shot,2PT Field Goal,TOR,MIL,5/15/2019,3,7:52,1
Kawhi Leonard,Driving Dunk Shot,Missed Shot,2PT Field Goal,TOR,MIL,5/15/2019,3,6:54,4
Kawhi Leonard,Driving Layup Shot,Missed Shot,2PT Field Goal,TOR,MIL,5/15/2019,3,6:11,2
Kawhi Leonard,Layup Shot,Made Shot,2PT Field Goal,TOR,MIL,5/15/2019,3,5:50,0
Kawhi Leonard,Driving Layup Shot,Made Shot,2PT Field Goal,TOR,MIL,5/15/2019,3,4:25,2
Kawhi Leonard,Layup Shot,Missed Shot,2PT Field Goal,TOR,MIL,5/15/2019,3,3:59,2
Kawhi Leonard,Jump Shot,Missed Shot,2PT Field Goal,TOR,MIL,5/15/2019,3,2:46,12
Kawhi Leonard,Pullup Jump shot,Missed Shot,2PT Field Goal,TOR,MIL,5/15/2019,3,1:10,13
Kawhi Leonard,Jump Shot,Made Shot,2PT Field Goal,TOR,MIL,5/15/2019,3,1:07,11
Kawhi Leonard,Floating Jump shot,Missed Shot,2PT Field Goal,TOR,MIL,5/15/2019,4,6:11,13
Kawhi Leonard,Pullup Jump shot,Missed Shot,3PT Field Goal,TOR,MIL,5/15/2019,4,2:06,27
Kawhi Leonard,Driving Layup Shot,Missed Shot,2PT Field Goal,TOR,MIL,5/15/2019,4,1:39,5
Kawhi Leonard,Running Layup Shot,Made Shot,2PT Field Goal,TOR,MIL,5/17/2019,1,7:33,2
Kawhi Leonard,Turnaround Jump Shot,Made Shot,2PT Field Goal,TOR,MIL,5/17/2019,1,6:59,7
Kawhi Leonard,Pullup Jump shot,Missed Shot,2PT Field Goal,TOR,MIL,5/17/2019,2,8:00,11
Kawhi Leonard,Pullup Jump shot,Made Shot,3PT Field Goal,TOR,MIL,5/17/2019,2,5:10,27
Kawhi Leonard,Step Back Jump shot,Made Shot,2PT Field Goal,TOR,MIL,5/17/2019,2,4:09,15
Kawhi Leonard,Putback Layup Shot,Made Shot,2PT Field Goal,TOR,MIL,5/17/2019,3,9:43,1
Kawhi Leonard,Pullup Jump shot,Missed Shot,3PT Field Goal,TOR,MIL,5/17/2019,3,9:13,26
Kawhi Leonard,Step Back Jump shot,Made Shot,2PT Field Goal,TOR,MIL,5/17/2019,3,8:21,16
Kawhi Leonard,Driving Layup Shot,Made Shot,2PT Field Goal,TOR,MIL,5/17/2019,3,7:41,3
Kawhi Leonard,Pullup Jump shot,Missed Shot,2PT Field Goal,TOR,MIL,5/17/2019,3,7:18,13
Kawhi Leonard,Driving Floating Jump Shot,Made Shot,2PT Field Goal,TOR,MIL,5/17/2019,3,7:09,4
Kawhi Leonard,Step Back Jump shot,Missed Shot,3PT Field Goal,TOR,MIL,5/17/2019,3,5:53,27
Kawhi Leonard,Driving Floating Jump Shot,Made Shot,2PT Field Goal,TOR,MIL,5/17/2019,3,4:42,16
Kawhi Leonard,Fadeaway Jump Shot,Missed Shot,2PT Field Goal,TOR,MIL,5/17/2019,3,0:16,7
Kawhi Leonard,Jump Shot,Missed Shot,3PT Field Goal,TOR,MIL,5/17/2019,4,9:30,23
Kawhi Leonard,Driving Layup Shot,Missed Shot,2PT Field Goal,TOR,MIL,5/17/2019,4,7:53,4
Kawhi Leonard,Driving Layup Shot,Made Shot,2PT Field Goal,TOR,MIL,5/17/2019,4,6:10,0
Kawhi Leonard,Pullup Jump shot,Missed Shot,2PT Field Goal,TOR,MIL,5/17/2019,4,4:57,11
Kawhi Leonard,Running Finger Roll Layup Shot,Made Shot,2PT Field Goal,MIL,TOR,5/19/2019,1,9:19,1
Kawhi Leonard,Driving Layup Shot,Missed Shot,2PT Field Goal,MIL,TOR,5/19/2019,1,5:28,1
Kawhi Leonard,Running Dunk Shot,Made Shot,2PT Field Goal,MIL,TOR,5/19/2019,1,4:42,1
Kawhi Leonard,Pullup Jump shot,Missed Shot,2PT Field Goal,MIL,TOR,5/19/2019,2,10:46,18
Kawhi Leonard,Driving Floating Jump Shot,Made Shot,2PT Field Goal,MIL,TOR,5/19/2019,2,7:55,9
Kawhi Leonard,Step Back Jump shot,Missed Shot,2PT Field Goal,MIL,TOR,5/19/2019,2,7:03,16
Kawhi Leonard,Pullup Jump shot,Missed Shot,3PT Field Goal,MIL,TOR,5/19/2019,2,4:21,26
Kawhi Leonard,Pullup Jump shot,Made Shot,3PT Field Goal,MIL,TOR,5/19/2019,2,0:30,24
Kawhi Leonard,Driving Floating Jump Shot,Missed Shot,2PT Field Goal,MIL,TOR,5/19/2019,3,11:17,7
Kawhi Leonard,Running Layup Shot,Missed Shot,2PT Field Goal,MIL,TOR,5/19/2019,3,9:59,1
Kawhi Leonard,Tip Layup Shot,Made Shot,2PT Field Goal,MIL,TOR,5/19/2019,3,9:57,0
Kawhi Leonard,Pullup Jump shot,Missed Shot,2PT Field Goal,MIL,TOR,5/19/2019,3,9:17,20
Kawhi Leonard,Driving Floating Jump Shot,Missed Shot,2PT Field Goal,MIL,TOR,5/19/2019,3,6:33,6
Kawhi Leonard,Running Jump Shot,Made Shot,3PT Field Goal,MIL,TOR,5/19/2019,4,9:05,27
Kawhi Leonard,Pullup Jump shot,Missed Shot,2PT Field Goal,MIL,TOR,5/19/2019,4,5:26,12
Kawhi Leonard,Jump Shot,Made Shot,2PT Field Goal,MIL,TOR,5/19/2019,4,2:17,16
Kawhi Leonard,Step Back Jump shot,Missed Shot,2PT Field Goal,MIL,TOR,5/19/2019,4,1:41,14
Kawhi Leonard,Pullup Jump shot,Missed Shot,2PT Field Goal,MIL,TOR,5/19/2019,5,4:10,21
Kawhi Leonard,Step Back Jump shot,Missed Shot,2PT Field Goal,MIL,TOR,5/19/2019,5,2:06,16
Kawhi Leonard,Step Back Jump shot,Made Shot,2PT Field Goal,MIL,TOR,5/19/2019,5,1:29,15
Kawhi Leonard,Pullup Jump shot,Missed Shot,3PT Field Goal,MIL,TOR,5/19/2019,5,0:19,28
Kawhi Leonard,Fadeaway Jump Shot,Missed Shot,2PT Field Goal,MIL,TOR,5/19/2019,5,0:00,17
Kawhi Leonard,Running Dunk Shot,Made Shot,2PT Field Goal,MIL,TOR,5/19/2019,6,3:13,0
Kawhi Leonard,Running Dunk Shot,Made Shot,2PT Field Goal,MIL,TOR,5/19/2019,6,1:52,1
Kawhi Leonard,Driving Bank Hook Shot,Made Shot,2PT Field Goal,MIL,TOR,5/19/2019,6,0:32,0
Kawhi Leonard,Jump Shot,Made Shot,2PT Field Goal,MIL,TOR,5/21/2019,1,6:10,14
Kawhi Leonard,Driving Floating Jump Shot,Missed Shot,2PT Field Goal,MIL,TOR,5/21/2019,1,2:14,6
Kawhi Leonard,Jump Shot,Missed Shot,2PT Field Goal,MIL,TOR,5/21/2019,1,2:02,20
Kawhi Leonard,Running Pull-Up Jump Shot,Missed Shot,3PT Field Goal,MIL,TOR,5/21/2019,1,1:23,25
Kawhi Leonard,Running Layup Shot,Missed Shot,2PT Field Goal,MIL,TOR,5/21/2019,2,4:22,2
Kawhi Leonard,Cutting Dunk Shot,Made Shot,2PT Field Goal,MIL,TOR,5/21/2019,3,10:57,1
Kawhi Leonard,Pullup Jump shot,Missed Shot,3PT Field Goal,MIL,TOR,5/21/2019,3,9:45,26
Kawhi Leonard,Cutting Dunk Shot,Made Shot,2PT Field Goal,MIL,TOR,5/21/2019,3,9:11,1
Kawhi Leonard,Pullup Jump shot,Missed Shot,2PT Field Goal,MIL,TOR,5/21/2019,3,7:25,20
Kawhi Leonard,Finger Roll Layup Shot,Missed Shot,2PT Field Goal,MIL,TOR,5/21/2019,3,4:22,3
Kawhi Leonard,Step Back Jump shot,Made Shot,2PT Field Goal,MIL,TOR,5/21/2019,3,3:15,20
Kawhi Leonard,Pullup Jump shot,Made Shot,2PT Field Goal,MIL,TOR,5/21/2019,3,2:30,17
Kawhi Leonard,Jump Shot,Made Shot,3PT Field Goal,MIL,TOR,5/21/2019,4,4:18,25
Kawhi Leonard,Pullup Jump shot,Made Shot,3PT Field Goal,TOR,MIL,5/23/2019,1,10:41,26
Kawhi Leonard,Pullup Jump shot,Missed Shot,2PT Field Goal,TOR,MIL,5/23/2019,1,7:35,19
Kawhi Leonard,Jump Shot,Missed Shot,3PT Field Goal,TOR,MIL,5/23/2019,1,7:07,27
Kawhi Leonard,Jump Shot,Made Shot,3PT Field Goal,TOR,MIL,5/23/2019,1,6:29,22
Kawhi Leonard,Driving Layup Shot,Made Shot,2PT Field Goal,TOR,MIL,5/23/2019,1,4:54,2
Kawhi Leonard,Driving Layup Shot,Missed Shot,2PT Field Goal,TOR,MIL,5/23/2019,2,9:10,1
Kawhi Leonard,Running Dunk Shot,Made Shot,2PT Field Goal,TOR,MIL,5/23/2019,2,5:36,2
Kawhi Leonard,Pullup Jump shot,Made Shot,2PT Field Goal,TOR,MIL,5/23/2019,2,4:36,18
Kawhi Leonard,Step Back Jump shot,Missed Shot,3PT Field Goal,TOR,MIL,5/23/2019,2,2:52,26
Kawhi Leonard,Turnaround Fadeaway shot,Missed Shot,2PT Field Goal,TOR,MIL,5/23/2019,2,0:45,11
Kawhi Leonard,Driving Reverse Layup Shot,Missed Shot,2PT Field Goal,TOR,MIL,5/23/2019,3,10:41,1
Kawhi Leonard,Driving Layup Shot,Made Shot,2PT Field Goal,TOR,MIL,5/23/2019,3,9:58,1
Kawhi Leonard,Step Back Jump shot,Missed Shot,2PT Field Goal,TOR,MIL,5/23/2019,3,9:29,19
Kawhi Leonard,Pullup Jump shot,Missed Shot,2PT Field Goal,TOR,MIL,5/23/2019,3,8:35,14
Kawhi Leonard,Jump Shot,Made Shot,3PT Field Goal,TOR,MIL,5/23/2019,3,1:32,28
Kawhi Leonard,Hook Shot,Missed Shot,2PT Field Goal,TOR,MIL,5/23/2019,3,0:50,5
Kawhi Leonard,Running Layup Shot,Made Shot,2PT Field Goal,TOR,MIL,5/23/2019,4,10:54,0
Kawhi Leonard,Fadeaway Jump Shot,Made Shot,2PT Field Goal,TOR,MIL,5/23/2019,4,10:20,14
Kawhi Leonard,Step Back Jump shot,Missed Shot,2PT Field Goal,TOR,MIL,5/23/2019,4,9:51,19
Kawhi Leonard,Pullup Jump shot,Made Shot,3PT Field Goal,TOR,MIL,5/23/2019,4,8:30,26
Kawhi Leonard,Step Back Jump shot,Made Shot,3PT Field Goal,TOR,MIL,5/23/2019,4,7:57,26
Kawhi Leonard,Step Back Jump shot,Missed Shot,2PT Field Goal,TOR,MIL,5/23/2019,4,5:12,11
Kawhi Leonard,Fadeaway Jump Shot,Missed Shot,2PT Field Goal,TOR,MIL,5/23/2019,4,4:20,12
Kawhi Leonard,Pullup Jump shot,Missed Shot,3PT Field Goal,TOR,MIL,5/23/2019,4,1:50,28
Kawhi Leonard,Turnaround Fadeaway shot,Missed Shot,2PT Field Goal,TOR,MIL,5/23/2019,4,0:35,13
Kawhi Leonard,Step Back Jump shot,Made Shot,2PT Field Goal,MIL,TOR,5/25/2019,1,9:55,11
Kawhi Leonard,Turnaround Fadeaway shot,Missed Shot,2PT Field Goal,MIL,TOR,5/25/2019,1,8:59,13
Kawhi Leonard,Pullup Jump shot,Missed Shot,3PT Field Goal,MIL,TOR,5/25/2019,1,6:50,25
Kawhi Leonard,Step Back Jump shot,Made Shot,2PT Field Goal,MIL,TOR,5/25/2019,2,10:47,20
Kawhi Leonard,Running Pull-Up Jump Shot,Missed Shot,2PT Field Goal,MIL,TOR,5/25/2019,2,4:32,18
Kawhi Leonard,Pullup Jump shot,Made Shot,2PT Field Goal,MIL,TOR,5/25/2019,2,3:15,22
Kawhi Leonard,Step Back Jump shot,Missed Shot,3PT Field Goal,MIL,TOR,5/25/2019,2,0:24,25
Kawhi Leonard,Pullup Jump shot,Made Shot,2PT Field Goal,MIL,TOR,5/25/2019,3,9:55,15
Kawhi Leonard,Pullup Jump shot,Made Shot,2PT Field Goal,MIL,TOR,5/25/2019,3,9:20,19
Kawhi Leonard,Hook Shot,Missed Shot,2PT Field Goal,MIL,TOR,5/25/2019,3,7:53,5
Kawhi Leonard,Jump Shot,Missed Shot,3PT Field Goal,MIL,TOR,5/25/2019,3,6:06,23
Kawhi Leonard,Pullup Jump shot,Missed Shot,2PT Field Goal,MIL,TOR,5/25/2019,3,2:45,12
Kawhi Leonard,Floating Jump shot,Made Shot,2PT Field Goal,MIL,TOR,5/25/2019,3,2:01,9
Kawhi Leonard,Pullup Jump shot,Made Shot,2PT Field Goal,MIL,TOR,5/25/2019,3,1:29,21
Kawhi Leonard,Driving Floating Jump Shot,Missed Shot,3PT Field Goal,MIL,TOR,5/25/2019,3,0:00,49
Kawhi Leonard,Pullup Jump shot,Missed Shot,3PT Field Goal,MIL,TOR,5/25/2019,4,6:59,25
Kawhi Leonard,Running Dunk Shot,Made Shot,2PT Field Goal,MIL,TOR,5/25/2019,4,6:46,1
Kawhi Leonard,Jump Shot,Missed Shot,3PT Field Goal,MIL,TOR,5/25/2019,4,5:29,23
Kawhi Leonard,Pullup Jump shot,Missed Shot,3PT Field Goal,MIL,TOR,5/25/2019,4,4:57,26
Kawhi Leonard,Jump Shot,Made Shot,3PT Field Goal,MIL,TOR,5/25/2019,4,3:04,22
Kawhi Leonard,Driving Dunk Shot,Missed Shot,2PT Field Goal,MIL,TOR,5/25/2019,4,2:12,1
Kawhi Leonard,Floating Jump shot,Missed Shot,2PT Field Goal,MIL,TOR,5/25/2019,4,0:38,10
Kawhi Leonard,Pullup Jump shot,Made Shot,3PT Field Goal,GSW,TOR,5/30/2019,1,10:15,25
Kawhi Leonard,Running Pull-Up Jump Shot,Missed Shot,3PT Field Goal,GSW,TOR,5/30/2019,1,8:01,26
Kawhi Leonard,Driving Bank Hook Shot,Missed Shot,2PT Field Goal,GSW,TOR,5/30/2019,1,4:27,2
Kawhi Leonard,Fadeaway Jump Shot,Missed Shot,2PT Field Goal,GSW,TOR,5/30/2019,1,2:08,13
Kawhi Leonard,Cutting Layup Shot,Missed Shot,2PT Field Goal,GSW,TOR,5/30/2019,2,6:30,1
Kawhi Leonard,Pullup Jump shot,Missed Shot,2PT Field Goal,GSW,TOR,5/30/2019,2,4:10,14
Kawhi Leonard,Driving Floating Bank Jump Shot,Made Shot,2PT Field Goal,GSW,TOR,5/30/2019,2,1:47,1
Kawhi Leonard,Running Layup Shot,Made Shot,2PT Field Goal,GSW,TOR,5/30/2019,3,9:13,0
Kawhi Leonard,Step Back Jump shot,Missed Shot,3PT Field Goal,GSW,TOR,5/30/2019,3,8:21,26
Kawhi Leonard,Pullup Jump shot,Missed Shot,2PT Field Goal,GSW,TOR,5/30/2019,3,4:38,18
Kawhi Leonard,Jump Shot,Made Shot,3PT Field Goal,GSW,TOR,5/30/2019,3,2:47,25
Kawhi Leonard,Driving Floating Jump Shot,Missed Shot,2PT Field Goal,GSW,TOR,5/30/2019,3,1:58,6
Kawhi Leonard,Pullup Jump shot,Made Shot,3PT Field Goal,GSW,TOR,5/30/2019,4,6:21,26
Kawhi Leonard,Jump Shot,Missed Shot,3PT Field Goal,GSW,TOR,5/30/2019,4,4:40,23
Kawhi Leonard,Jump Shot,Made Shot,2PT Field Goal,GSW,TOR,6/2/2019,1,10:49,19
Kawhi Leonard,Pullup Jump shot,Made Shot,3PT Field Goal,GSW,TOR,6/2/2019,1,9:36,27
Kawhi Leonard,Jump Shot,Missed Shot,3PT Field Goal,GSW,TOR,6/2/2019,1,8:29,26
Kawhi Leonard,Pullup Jump shot,Missed Shot,3PT Field Goal,GSW,TOR,6/2/2019,1,7:05,26
Kawhi Leonard,Hook Shot,Missed Shot,2PT Field Goal,GSW,TOR,6/2/2019,1,5:52,3
Kawhi Leonard,Tip Layup Shot,Made Shot,2PT Field Goal,GSW,TOR,6/2/2019,1,5:49,0
Kawhi Leonard,Pullup Jump shot,Missed Shot,2PT Field Goal,GSW,TOR,6/2/2019,1,3:12,16
Kawhi Leonard,Reverse Layup Shot,Made Shot,2PT Field Goal,GSW,TOR,6/2/2019,2,5:16,0
Kawhi Leonard,Jump Shot,Missed Shot,3PT Field Goal,GSW,TOR,6/2/2019,3,11:15,24
Kawhi Leonard,Fadeaway Jump Shot,Missed Shot,2PT Field Goal,GSW,TOR,6/2/2019,3,10:20,13
Kawhi Leonard,Jump Shot,Missed Shot,3PT Field Goal,GSW,TOR,6/2/2019,3,5:07,25
Kawhi Leonard,Running Layup Shot,Made Shot,2PT Field Goal,GSW,TOR,6/2/2019,3,4:42,1
Kawhi Leonard,Pullup Jump shot,Made Shot,3PT Field Goal,GSW,TOR,6/2/2019,3,1:59,26
Kawhi Leonard,Driving Layup Shot,Made Shot,2PT Field Goal,GSW,TOR,6/2/2019,3,0:29,1
Kawhi Leonard,Pullup Jump shot,Missed Shot,3PT Field Goal,GSW,TOR,6/2/2019,4,7:14,26
Kawhi Leonard,Driving Bank Hook Shot,Made Shot,2PT Field Goal,GSW,TOR,6/2/2019,4,6:38,2
Kawhi Leonard,Jump Shot,Missed Shot,3PT Field Goal,GSW,TOR,6/2/2019,4,5:54,27
Kawhi Leonard,Running Jump Shot,Missed Shot,3PT Field Goal,GSW,TOR,6/2/2019,4,2:48,27
Kawhi Leonard,Fadeaway Jump Shot,Missed Shot,2PT Field Goal,GSW,TOR,6/2/2019,4,1:38,8
Kawhi Leonard,Hook Shot,Missed Shot,2PT Field Goal,GSW,TOR,6/2/2019,4,0:31,8
Kawhi Leonard,Pullup Jump shot,Missed Shot,2PT Field Goal,TOR,GSW,6/5/2019,1,8:28,11
Kawhi Leonard,Jump Shot,Made Shot,2PT Field Goal,TOR,GSW,6/5/2019,1,8:22,11
Kawhi Leonard,Driving Layup Shot,Missed Shot,2PT Field Goal,TOR,GSW,6/5/2019,1,1:37,1
Kawhi Leonard,Driving Dunk Shot,Made Shot,2PT Field Goal,TOR,GSW,6/5/2019,1,0:55,1
Kawhi Leonard,Step Back Jump shot,Missed Shot,2PT Field Goal,TOR,GSW,6/5/2019,2,7:03,18
Kawhi Leonard,Fadeaway Jump Shot,Missed Shot,3PT Field Goal,TOR,GSW,6/5/2019,2,2:23,26
Kawhi Leonard,Jump Shot,Missed Shot,3PT Field Goal,TOR,GSW,6/5/2019,2,1:16,24
Kawhi Leonard,Running Layup Shot,Made Shot,2PT Field Goal,TOR,GSW,6/5/2019,3,11:22,1
Kawhi Leonard,Jump Shot,Made Shot,3PT Field Goal,TOR,GSW,6/5/2019,3,8:45,27
Kawhi Leonard,Pullup Jump shot,Missed Shot,3PT Field Goal,TOR,GSW,6/5/2019,3,7:00,26
Kawhi Leonard,Turnaround Hook Shot,Made Shot,2PT Field Goal,TOR,GSW,6/5/2019,3,5:45,8
Kawhi Leonard,Jump Shot,Made Shot,3PT Field Goal,TOR,GSW,6/5/2019,3,3:32,26
Kawhi Leonard,Jump Shot,Missed Shot,3PT Field Goal,TOR,GSW,6/5/2019,3,2:54,25
Kawhi Leonard,Pullup Jump shot,Made Shot,2PT Field Goal,TOR,GSW,6/5/2019,4,6:11,14
Kawhi Leonard,Driving Layup Shot,Made Shot,2PT Field Goal,TOR,GSW,6/5/2019,4,5:42,2
Kawhi Leonard,Jump Shot,Made Shot,2PT Field Goal,TOR,GSW,6/5/2019,4,5:01,9
Kawhi Leonard,Driving Layup Shot,Missed Shot,2PT Field Goal,TOR,GSW,6/5/2019,4,4:28,3
Kawhi Leonard,Turnaround Fadeaway shot,Made Shot,2PT Field Goal,TOR,GSW,6/7/2019,1,8:36,9
Kawhi Leonard,Jump Shot,Missed Shot,3PT Field Goal,TOR,GSW,6/7/2019,1,7:42,25
Kawhi Leonard,Pullup Jump shot,Made Shot,3PT Field Goal,TOR,GSW,6/7/2019,1,4:52,23
Kawhi Leonard,Fadeaway Jump Shot,Made Shot,2PT Field Goal,TOR,GSW,6/7/2019,1,3:37,12
Kawhi Leonard,Jump Shot,Missed Shot,2PT Field Goal,TOR,GSW,6/7/2019,1,1:34,11
Kawhi Leonard,Turnaround Fadeaway shot,Made Shot,2PT Field Goal,TOR,GSW,6/7/2019,1,0:44,11
Kawhi Leonard,Running Pull-Up Jump Shot,Made Shot,3PT Field Goal,TOR,GSW,6/7/2019,1,0:27,26
Kawhi Leonard,Jump Shot,Missed Shot,3PT Field Goal,TOR,GSW,6/7/2019,1,0:01,26
Kawhi Leonard,Turnaround Fadeaway shot,Missed Shot,2PT Field Goal,TOR,GSW,6/7/2019,2,6:05,11
Kawhi Leonard,Jump Shot,Missed Shot,3PT Field Goal,TOR,GSW,6/7/2019,2,5:11,26
Kawhi Leonard,Layup Shot,Missed Shot,2PT Field Goal,TOR,GSW,6/7/2019,2,2:37,9
Kawhi Leonard,Jump Shot,Missed Shot,2PT Field Goal,TOR,GSW,6/7/2019,2,1:54,10
Kawhi Leonard,Jump Shot,Made Shot,3PT Field Goal,TOR,GSW,6/7/2019,3,11:14,25
Kawhi Leonard,Jump Shot,Made Shot,3PT Field Goal,TOR,GSW,6/7/2019,3,11:30,25
Kawhi Leonard,Jump Shot,Missed Shot,2PT Field Goal,TOR,GSW,6/7/2019,3,9:36,19
Kawhi Leonard,Jump Shot,Missed Shot,2PT Field Goal,TOR,GSW,6/7/2019,3,8:54,19
Kawhi Leonard,Pullup Jump shot,Made Shot,2PT Field Goal,TOR,GSW,6/7/2019,3,3:00,17
Kawhi Leonard,Jump Shot,Made Shot,2PT Field Goal,TOR,GSW,6/7/2019,3,0:42,18
Kawhi Leonard,Jump Shot,Made Shot,2PT Field Goal,TOR,GSW,6/7/2019,3,0:04,11
Kawhi Leonard,Jump Shot,Made Shot,3PT Field Goal,TOR,GSW,6/7/2019,4,8:44,23
Kawhi Leonard,Jump Shot,Missed Shot,3PT Field Goal,TOR,GSW,6/7/2019,4,5:39,27
Kawhi Leonard,Jump Shot,Missed Shot,2PT Field Goal,TOR,GSW,6/7/2019,3,9:44,7
Kawhi Leonard,Driving Floating Jump Shot,Missed Shot,2PT Field Goal,GSW,TOR,6/10/2019,1,9:20,7
Kawhi Leonard,Driving Layup Shot,Missed Shot,2PT Field Goal,GSW,TOR,6/10/2019,1,9:04,3
Kawhi Leonard,Putback Layup Shot,Made Shot,2PT Field Goal,GSW,TOR,6/10/2019,1,8:59,1
Kawhi Leonard,Driving Finger Roll Layup Shot,Missed Shot,2PT Field Goal,GSW,TOR,6/10/2019,1,6:26,2
Kawhi Leonard,Running Layup Shot,Made Shot,2PT Field Goal,GSW,TOR,6/10/2019,1,5:21,1
Kawhi Leonard,Jump Shot,Missed Shot,3PT Field Goal,GSW,TOR,6/10/2019,1,1:20,22
Kawhi Leonard,Fadeaway Jump Shot,Made Shot,2PT Field Goal,GSW,TOR,6/10/2019,2,5:50,6
Kawhi Leonard,Driving Layup Shot,Missed Shot,2PT Field Goal,GSW,TOR,6/10/2019,2,4:29,3
Kawhi Leonard,Putback Layup Shot,Missed Shot,2PT Field Goal,GSW,TOR,6/10/2019,2,4:24,1
Kawhi Leonard,Floating Jump shot,Missed Shot,2PT Field Goal,GSW,TOR,6/10/2019,2,3:44,11
Kawhi Leonard,Driving Floating Jump Shot,Made Shot,2PT Field Goal,GSW,TOR,6/10/2019,2,1:51,8
Kawhi Leonard,Pullup Jump shot,Missed Shot,3PT Field Goal,GSW,TOR,6/10/2019,2,0:27,27
Kawhi Leonard,Jump Shot,Missed Shot,3PT Field Goal,GSW,TOR,6/10/2019,3,7:34,26
Kawhi Leonard,Driving Floating Jump Shot,Missed Shot,2PT Field Goal,GSW,TOR,6/10/2019,3,6:15,3
Kawhi Leonard,Jump Shot,Missed Shot,3PT Field Goal,GSW,TOR,6/10/2019,3,3:17,23
Kawhi Leonard,Putback Layup Shot,Made Shot,2PT Field Goal,GSW,TOR,6/10/2019,4,6:54,2
Kawhi Leonard,Pullup Jump shot,Missed Shot,2PT Field Goal,GSW,TOR,6/10/2019,4,6:16,20
Kawhi Leonard,Jump Shot,Missed Shot,2PT Field Goal,GSW,TOR,6/10/2019,4,5:51,7
Kawhi Leonard,Running Pull-Up Jump Shot,Made Shot,3PT Field Goal,GSW,TOR,6/10/2019,4,5:13,25
Kawhi Leonard,Pullup Jump shot,Made Shot,2PT Field Goal,GSW,TOR,6/10/2019,4,4:46,8
Kawhi Leonard,Pullup Jump shot,Made Shot,3PT Field Goal,GSW,TOR,6/10/2019,4,4:06,26
Kawhi Leonard,Pullup Jump shot,Made Shot,2PT Field Goal,GSW,TOR,6/10/2019,4,3:28,15
Kawhi Leonard,Turnaround Fadeaway shot,Missed Shot,2PT Field Goal,GSW,TOR,6/10/2019,4,2:50,10
Kawhi Leonard,Pullup Jump shot,Missed Shot,3PT Field Goal,GSW,TOR,6/10/2019,4,1:10,25
Kawhi Leonard,Jump Shot,Missed Shot,3PT Field Goal,TOR,GSW,6/13/2019,1,10:20,29
Kawhi Leonard,Driving Reverse Layup Shot,Made Shot,2PT Field Goal,TOR,GSW,6/13/2019,1,5:43,2
Kawhi Leonard,Jump Shot,Missed Shot,3PT Field Goal,TOR,GSW,6/13/2019,1,0:51,26
Kawhi Leonard,Pullup Jump shot,Made Shot,2PT Field Goal,TOR,GSW,6/13/2019,1,0:32,16
Kawhi Leonard,Step Back Jump shot,Missed Shot,2PT Field Goal,TOR,GSW,6/13/2019,2,6:08,18
Kawhi Leonard,Pullup Jump shot,Made Shot,2PT Field Goal,TOR,GSW,6/13/2019,2,4:40,21
Kawhi Leonard,Jump Shot,Missed Shot,2PT Field Goal,TOR,GSW,6/13/2019,2,2:05,17
Kawhi Leonard,Running Layup Shot,Made Shot,2PT Field Goal,TOR,GSW,6/13/2019,2,0:46,4
Kawhi Leonard,Jump Shot,Missed Shot,2PT Field Goal,TOR,GSW,6/13/2019,3,10:47,16
Kawhi Leonard,Jump Shot,Made Shot,3PT Field Goal,TOR,GSW,6/13/2019,3,9:07,29
Kawhi Leonard,Running Layup Shot,Made Shot,2PT Field Goal,TOR,GSW,6/13/2019,3,8:12,3
Kawhi Leonard,Cutting Layup Shot,Made Shot,2PT Field Goal,TOR,GSW,6/13/2019,3,3:38,2
Kawhi Leonard,Jump Shot,Missed Shot,2PT Field Goal,TOR,GSW,6/13/2019,4,7:47,12
Kawhi Leonard,Jump Shot,Missed Shot,2PT Field Goal,TOR,GSW,6/13/2019,4,5:42,11
Kawhi Leonard,Jump Shot,Missed Shot,3PT Field Goal,TOR,GSW,6/13/2019,4,5:01,26
Kawhi Leonard,Jump Shot,Missed Shot,3PT Field Goal,TOR,GSW,6/13/2019,4,1:05,26
